accountId,type,name,address,email,phone,website,lat,lng
"0eb18b20-2188-e011-87e1-005056b30007","findacpa","MI Accountants and Advisors","1st Floor, 97 Graham St, PORT MELBOURNE VIC 3207, AUS","markiro@hotmail.com","+61407687533",,"-37.84164","144.94262"
"bed144ef-2688-e011-87e1-005056b30007","findacpa","Lock SJS","181 Cecil St, SOUTH MELBOURNE VIC 3205, AUS","sujith@locksjs.com.au","+61396991199",,"-37.83451","144.9587"
"f447794b-3595-e311-b9f5-0050569a6ed0","findacpa","Clarendon Partners Australia Pty Ltd","407 Clarendon St, SOUTH MELBOURNE VIC 3205, AUS","nuno@clarendonpartners.com.au","+61396999394","http://www.clarendonpartners.com.au","-37.83698","144.96277"
"33bb5f6a-7474-ea11-8112-0050569a1c9a","findacpa","TV Accountants & Advisors","115 Evans St, PORT MELBOURNE VIC 3207, AUS","thivu0213@gmail.com","+61414395547",,"-37.83334","144.94187"
"0320bf1e-ff8f-ea11-8109-0050569a458f","findacpa","Anvo Consulting","68-72 York St, SOUTH MELBOURNE VIC 3205, AUS","admin@anvo.com.au","+61405992086","http://www.anvo.com.au","-37.83033","144.95995"
"e857fbb2-4ab5-e311-b1b2-0050569a6f1c","findacpa","Chi Berkowitz Partners","351 Moray St, SOUTH MELBOURNE VIC 3205, AUS","bb@chiberkowitz.com.au","+61396901668","http://www.chiberkowitz.com.au","-37.83725","144.96562"
"543b35f8-bf4e-ef11-a316-002248d3dda0","findacpa","SDT Consulting Minds","U 2601  63 Whiteman St, SOUTHBANK VIC 3006, AUS","sdtminds@gmail.com","+61412727662","https://www.sdtminds.com.au","-37.82606","144.95685"
"3c4c6b16-7e87-e211-a04f-005056b30007","findacpa","Black & Krantz","L 3  222 Kings Way, SOUTH MELBOURNE VIC 3205, AUS","info@blackandkrantz.com.au","+61396823000","http://www.blackandkrantz.com.au/","-37.83089","144.96484"
"fefa41e1-2888-e011-972f-005056b3003f","findacpa","4orward Consulting Pty Ltd","Se 5g  175 Sturt St, SOUTHBANK VIC 3006, AUS","Michaelt@4orward.com","+61404080579","http://www.4orward.com","-37.82867","144.96626"
"63c10ef3-e9ea-e911-810b-0050569a1c9a","findacpa","Clauds Business Solutions Pty Ltd","U 108  63 Dorcas St, SOUTH MELBOURNE VIC 3205, AUS","claudia.pun@yahoo.com","+61450071788",,"-37.8311","144.96788"
"a699b917-3088-e011-87e1-005056b30007","findacpa","Aspire Wealth Pty Ltd","Se 20  574 Plummer St, PORT MELBOURNE VIC 3207, AUS","info@aspirewealth.com.au","+61390779267","http://www.aspirewealth.com.au","-37.83201","144.93421"
"19408a50-dcd0-e411-9c44-0050569a6f1b","findacpa","MYC Associates","L 19  567 Collins St, MELBOURNE VIC 3000, AUS","meng.hou@myca.net.au","+61459467755","http://www.myca.net.au","-37.81901","144.95573"
"683971d3-1988-e011-87e1-005056b30007","findacpa","BBB Partners","L 8  60 Albert Rd, SOUTH MELBOURNE VIC 3205, AUS","seamusm@bbbpartners.com.au","0396937777","https://bbbpartners.com.au/","-37.83431","144.97092"
"08158144-de2b-e411-860b-0050569a6f1c","findacpa","WNR Consulting","U 407  370 St Kilda Rd, MELBOURNE WA 3004, AUS","eugene.dou@wnrbc.com.au","+61402500543","http://www.wnrbc.com.au","-37.83177","144.97057"
"51ffe05f-9f96-e211-8529-005056b30007","findacpa","Moore Stephens (Vic) Pty Ltd","L 18  530 Collins St, MELBOURNE VIC 3000, AUS","john.larocca@moore-australia.com.au","0396080100","http://www.moorestephens.com.au/victoria","-37.81803","144.95697"
"bc871ae7-1988-e011-87e1-005056b30007","findacpa","DFK Nugents Pty Ltd","L 1  6 Riverside Qy, SOUTHBANK VIC 3006, AUS","gary@dfknugents.com.au","+61396935000","http://www.dfknugents.com.au","-37.82081","144.96383"
"11f63138-2588-e011-972f-005056b3003f","findacpa","Nova Accounting","Se 1303  530 Little Collins St, MELBOURNE NSW 3000, AUS","novarou@gmail.com","+61433993777",,"-37.81691","144.95714"
"18ab8982-2888-e011-972f-005056b3003f","findacpa","Warwick Accounting Pty Ltd  Chartered Accountants","Se 307  530 Little Collins St, MELBOURNE VIC 3000, AUS","martin@waracc.com.au","+61396212122","http://www.waracc.com.au","-37.81687","144.95712"
"62fb6c99-d768-f011-bec3-7ced8d34c516","findacpa","Creatick Pty Ltd","3 Bowen Cres, MELBOURNE VIC 3004, AUS","info@creatick.com.au","+61426266940","https://creatick.com.au/#hero","-37.83496","144.97309"
"3a01feab-44ee-ea11-8118-0050569a1c9a","findacpa","Super Pharos Audit Services","L 9  440 Collins St, MELBOURNE VIC 3000, AUS","superpharosptyltd@gmail.com","+61433587028",,"-37.8172","144.95985"
"8b7b0e97-94e7-ec11-8133-0050569a1c9a","findacpa","Books365 Pty Ltd","L 15  10 Queens Rd, MELBOURNE VIC 3004, AUS","luke@books365.com.au","0423361291","http://www.books365.com.au","-37.83817","144.97444"
"87aa6f20-c9ae-ea11-810a-0050569a458f","findacpa","Acadia Tax Advisory","L 17  31 Queen Street, MELBOURNE VIC 3000, AUS","allen@acadiatax.com.au","0405690546","http://www.acadiatax.com.au","-37.81821","144.96188"
"7bb13b11-2988-e011-972f-005056b3003f","findacpa","Nexia Australia","L 35  600 Bourke St, MELBOURNE VIC 3000, AUS","info@nexiamelbourne.com.au","+61386138888","http://www.nexia.com.au","-37.8157","144.95617"
"f7b8b474-974c-e111-a0c0-005056b3003f","findacpa","J + M Accountants & Business Advisors Pty Ltd","L 6  34 Queen St, MELBOURNE VIC 3000, AUS","janine.brumhead@jmadvisors.com.au","+61396220600",,"-37.81798","144.96244"
"e62d040c-efed-e711-bd60-0003ff49bcec","findacpa","MGI Dobbyn Carafa Audit and Assurance Pty Ltd","L 15  412 St Kilda Rd, MELBOURNE VIC 3004, AUS","info@mgidc.com.au","+61390697700","https://mgidc.com.au","-37.83501","144.97435"
"9cde1a31-fab7-e411-81d4-0050569a6ed0","findacpa","Forever Yang Accounting & Business Advisory","U 511  23 Queens Rd, MELBOURNE VIC 3004, AUS","nyang@foreveryang.com.au","+61395217804","http://www.foreveryang.com.au","-37.84112","144.97552"
"a2f9bac5-7924-e511-9057-0050569a6ed2","findacpa","With Accounting Pty Ltd","L 5  85 Queen St, MELBOURNE VIC 3000, AUS","calvin@withaccounting.com","+61433689222","http://www.withaccounting.com","-37.81648","144.96103"
"88404d22-1e88-e011-82c3-005056b3003f","findacpa","Belleville Smith & Co Pty Ltd","L 7  488 Bourke St, MELBOURNE VIC 3000, AUS","tim@bellevillesmith.com.au","+61396707044","http://www.bellevillesmith.com.au","-37.81514","144.95928"
"837eeda6-1688-e011-87e1-005056b30007","findacpa","Jack Gaddie & Associates","L 4  488 Bourke St, MELBOURNE VIC 3000, AUS","jgaddie@gaddieassociates.com.au","+61425774624","http://www.gaddieassociates.com.au","-37.81498","144.9592"
"2d773d79-e4c4-e711-9403-0003ff67a8a0","findacpa","Locmans Advisors","L 7  552 Lonsdale St, MELBOURNE VIC 3000, AUS","advisor@locmansadvisors.com","+61383931450","http://locmansadvisors.com/","-37.81384","144.95588"
"c77faeae-f537-e111-9229-005056b30007","findacpa","Cor Cordis","L 29  360 Collins St, MELBOURNE VIC 3000, AUS","smatthews@corcordis.com.au","+61383205651","https://CORCORDIS.COM.AU","-37.81616","144.96218"
"4203654a-1763-ee11-8def-000d3ae17c3e","findacpa","Elite Plus Accounting","470 St Kilda Rd, Ground Floor, MELBOURNE VIC 3004, AUS","info@eliteplusaccounting.com.au","1300744733","https://www.eliteplusaccounting.com.au","-37.84131","144.97658"
"8366b53c-9a26-e511-8bc5-0050569a6f1b","findacpa","Alpine Auditors","U 1412  325 Collins St, MELBOURNE NSW 3000, AUS","libby@alpineauditors.com","+61439699153",,"-37.81684","144.96356"
"685fc039-5c0c-e211-ba47-005056b3003f","findacpa","Strategem Private Clients","L 7  333 Collins St, MELBOURNE VIC 3000, AUS","info@strategempc.com.au","+61386218100","http://www.strategempc.com.au","-37.81669","144.96317"
"66a2ddbb-4cd9-e211-83c1-0050569a6f1c","findacpa","HSL Private Clients Pty Ltd","GPO Box 2621, MELBOURNE VIC 3001, AUS","paul@hslconsulting.com.au","+61407586446","http://www.hslconsulting.com.au","-37.82505","144.97151"
"86f92c84-4d61-e311-9bc1-0050569a6f1c","findacpa","Azda Accountants Pty Ltd","PO Box 7273, MELBOURNE VIC 3004, AUS","info@azdaaccountants.com.au","+61398637768","http://www.azdaaccountants.com.au","-37.82505","144.97151"
"a2f6b1cd-2688-e011-972f-005056b3003f","findacpa","Grant Thornton (Melbourne)","GPO Box 4736, MELBOURNE VIC 3001, AUS","info.vic@au.gt.com","+61383202222","http://www.grantthornton.com.au/","-37.82505","144.97151"
,"financialplanners","Craig Raits","Locked Bag 20050, MELBOURNE, VIC, 3001","craig.raits@sfg.com.au","+61396492400","www.sfg.com.au","-37.82505","144.97151"
"c1ba19d9-3888-e011-87e1-005056b30007","findacpa","Y & S Accounting","SUITE 602, L 6  365 Little Collins St, MELBOURNE VIC 3000, AUS","yaritza@ysaccounting.com.au","61386099296","https://ysaccounting.com.au/","-37.81581","144.96282"
"3428e772-1288-e011-87e1-005056b30007","findacpa","Cambel Cass (Melbourne)","L 3  170 Queen St, MELBOURNE VIC 3000, AUS","acass@camcassmel.com.au","03 9620356",,"-37.81448","144.96075"
"6c53187b-9b53-e111-a0c0-005056b3003f","findacpa","Boss Private Clients Pty Ltd","Level 2, 428 Little Bourke St, MELBOURNE VIC 3000, AUS","business@bossprivateclients.com.au","+61386026100","http://www.bossprivateclients.com.au","-37.81398","144.95979"
"31f75212-938a-e611-80e4-0050569a1c9a","findacpa","Spire Business Services Pty Ltd","C/- SYPAQ, L 5  441 St Kilda Rd, MELBOURNE VIC 3004, AUS","info@spire-business.com.au","+611300978320","http://www.spire-businescom.au","-37.83958","144.97722"
"845aa48d-ca8a-ec11-8122-0050569a458f","findacpa","Active Outsourcing Pty Ltd","L 5  485 La Trobe St, MELBOURNE VIC 3000, AUS","kane@activeoutsourcing.com.au","+61386099291","http://www.activeoutsourcing.com.au","-37.81243","144.95478"
"1935d8e6-7371-ef11-a671-002248d3dda0","findacpa","Taxwise Partners","L 3  257 Collins St, MELBOURNE VIC 3000, AUS","info@taxwisepartners.com.au","+61385782143","https://www.taxwisepartners.com.au/","-37.81635","144.96565"
"de7abb2d-a6ec-ee11-a1fd-002248e28e9b","findacpa","SW Accounting","L 9  152 Elizabeth St, MELBOURNE VIC 3000, AUS","admin@swaccounting.com.au","+61390569103","https://www.swaccounting.com.au","-37.81431","144.96374"
"19aa7e84-cd33-e711-bee1-0050569a25f2","findacpa","Taxably","U 805  220 Collins St, MELBOURNE VIC 3000, AUS","hello@taxably.com.au","+61386400913","https://www.taxably.co","-37.81528","144.96614"
"2da13b8a-1388-e011-87e1-005056b30007","findacpa","Lowenstein Sharp Pty Ltd","L 2  570 St Kilda Rd, MELBOURNE VIC 3004, AUS","melb@lsfa.com.au","+61395101511","http://www.lowensteinsharp.com.au","-37.84736","144.97915"
"f675156d-2688-e011-972f-005056b3003f","findacpa","Donegan's Accountants","L 2  377 Little Lonsdale St, MELBOURNE VIC 3000, AUS","philb@donegans.com.au","+61396705232","http://www.donegans.com.au/","-37.81175","144.96073"
"5ad100f4-1988-e011-87e1-005056b30007","findacpa","Freedom Finance Accounting","L 8  574 St Kilda Rd, MELBOURNE VIC 3004, AUS","tax@ffau.com.au","+611800662891","http://www.ffau.com.au","-37.84806","144.9794"
"1bd9d5a7-2a61-e211-bf51-005056b30007","findacpa","Harrow Financial Pty Ltd","1 Hosier Lane, MELBOURNE VIC 3000, AUS","anthony@harrowfinancial.com.au","+61438022210",,"-37.81674","144.96912"
"ad44127e-2488-e011-87e1-005056b30007","findacpa","JH Accountants & Advisors Pty Ltd","L 1  39 A'Beckett St, MELBOURNE VIC 3000, AUS","janehu@jhaccountants.com.au","+61396713588",,"-37.80898","144.96236"
"137686fa-b3c0-e111-83ea-005056b3003f","findacpa","Tax Way","L 19  180 Lonsdale St, MELBOURNE VIC 3000, AUS","simon@taxway.com.au","+61390056266","http://www.taxway.com.au","-37.8107","144.96649"
"52a78f18-3a12-ea11-810d-0050569a1c9a","findacpa","Efirm Pty Ltd","L 1  115 Lonsdale St, MELBOURNE VIC 3000, AUS","ericyiu@efirm.com.au","+61390347126","http://www.efirm.com.au","-37.81059","144.96893"
"24cdd503-2588-e011-972f-005056b3003f","findacpa","Tony Ng & Co","L 1  115 Lonsdale St, MELBOURNE VIC 3000, AUS","info@skdpartner.com.au","+61396507672","http://www.skdpartner.com.au/","-37.81059","144.96893"
"2608052d-2388-e011-972f-005056b3003f","findacpa","ATS Accountants & Tax Consultants Pty Ltd","L 1  111 Lonsdale St, MELBOURNE VIC 3000, AUS","yeelian88@gmail.com","+61412763398",,"-37.8105","144.9691"
"e0374e80-1488-e011-87e1-005056b30007","findacpa","GSA Accountants","35 Cobden St, NORTH MELBOURNE VIC 3051, AUS","jefflunntax@gmail.com","+61393269622",,"-37.80443","144.95719"
"6d238492-cffd-e811-8104-0050569a458f","findacpa","Bluepond Advisory Pty Ltd","U 1  15 Exploration Lane, MELBOURNE VIC 3000, AUS","daniels_90@hotmail.com","+61398504762","http://www.blueadvisory.com.au","-37.809","144.96812"
"12e14e12-1c88-e011-87e1-005056b30007","findacpa","V P Cannizzaro & Co","22 Drummond St, CARLTON VIC 3053, AUS","vitoc@vpcc.com.au","+61393470100","http://www.vpcc.com.au","-37.80647","144.96789"
"0df3dbb9-2088-e011-82c3-005056b3003f","findacpa","Ascot Partners Pty Ltd","227 Abbotsford St, NORTH MELBOURNE VIC 3051, AUS","mc@ascotpartners.com.au","+61393732100","http://www.ascotpartners.com.au/index.html","-37.80188","144.94535"
"ae29f77e-af5f-e711-80ed-0050569a1c9a","findacpa","Universal Accountants Pty Ltd","Suite 7 Level 1, 204 Dryburgh St, NORTH MELBOURNE VIC 3051, AUS","info@universalaccountants.com.au","+61396422266","http://universalaccountants.com.au","-37.80154","144.94402"
"594c55c3-2b88-e011-87e1-005056b30007","findacpa","T H White & Co  Chartered Accountants","L 1  184 Barkly St, ST KILDA VIC 3182, AUS","samd@thwhite.com.au","+61395253811","http://thwhite.com.au/","-37.8688","144.9811"
"bc615188-c60d-e211-ba47-005056b3003f","findacpa","Stannards Accountants and Advisors Pty Ltd","60 Toorak Rd, SOUTH YARRA VIC 3141, AUS","advisors@stannards.com.au","+6198674433","https://www.stannards.com.au","-37.83883","144.98843"
"cfbda40a-334b-ed11-8139-0050569a1c9a","findacpa","Franze & Company","L 1  200 Lygon St, CARLTON VIC 3053, AUS","info@franzeandco.com.au","+61421005069",,"-37.80245","144.9671"
"684d11d1-2c88-e011-87e1-005056b30007","findacpa","Southern Accounting & Consulting Services Pty Ltd","U 3  233 Cardigan St, CARLTON VIC 3053, AUS","reception@saacs.com.au","+61396503888","http://www.saacs.com.au","-37.80121","144.96507"
"07e632e7-9113-e411-b304-0050569a6f1c","findacpa","Justin Sparrow Accounting","47 Charles St, PRAHRAN VIC 3181, AUS","justin@justinsparrow.com.au","+61438690729",,"-37.84918","144.98897"
"ffd947fa-1988-e011-87e1-005056b30007","findacpa","Akram El-Fahkri","1st Floor, 36 Macaulay Rd, NORTH MELBOURNE VIC 3051, AUS","aef@supportnet.com.au","+61393878789",,"-37.79863","144.9428"
"6635dc66-51c2-e611-80e7-0050569a1c9a","findacpa","In2Tax Accountants & Business Advisors ATF AS Gondal Family Trust T/a In2Tax Accountants & Business Advisors","PO Box 1254, CARLTON VIC 3053, AUS","info@in2tax.com.au","+61390187400","http://www.in2tax.com.au/","-37.80045","144.96815"
"5f2eba3a-3c33-ed11-812a-0050569a458f","findacpa","Raft Private","Se 5  107-111 High St, PRAHRAN VIC 3181, AUS","josh@raftprivate.com.au","+61370330277","http://www.raftprivate.com.au","-37.85132","144.99057"
"4b92c29c-49cf-ec11-8132-0050569a1c9a","findacpa","Eligo Consulting Pty Ltd","15 Gracie St, NORTH MELBOURNE VIC 3051, AUS","info@eligoconsulting.com.au","+61416686646","http://www.eligocfo.com.au","-37.79733","144.93802"
"ef2cb285-d213-e511-bc01-0050569a6ed1","findacpa","CBP Finance Pty Ltd","PO Box 16, SOUTH YARRA VIC 3141, AUS","matthew@cbpfinance.com.au","+61418473667","http://www.cfp.finance","-37.83923","144.99186"
"1602ac24-1388-e011-87e1-005056b30007","findacpa","Robert W Wilson & Co","PO Box 782, SOUTH YARRA VIC 3141, AUS","simonwilson@avocastreet.com.au","+61398673977",,"-37.83923","144.99186"
"197013ee-4570-ed11-812e-0050569a458f","findacpa","David Liang & Co","19 Peckville St, NORTH MELBOURNE VIC 3051, AUS","davidliang338@gmail.com","+61430023381",,"-37.79505","144.94291"
"8bfbefb5-ef96-ed11-812f-0050569a458f","findacpa","Grandview Accounting & Taxation","19 Peckville St, NORTH MELBOURNE VIC 3051, AUS","davidliang338@gmail.com","+61430023381",,"-37.79505","144.94291"
"87df6c4d-3688-e011-87e1-005056b30007","findacpa","Ariana Accounting Group","U 19  25 Claremont St, SOUTH YARRA VIC 3141, AUS","info@arianaaccounting.com.au","+61398205040","http://www.arianaaccounting.com.au","-37.83735","144.9936"
"c4fe1c50-1688-e011-87e1-005056b30007","findacpa","Roseby Rosner & Young Pty Ltd","L 2  199 Toorak Rd, SOUTH YARRA VIC 3141, AUS","rry@rosroy.com.au","+61398233366","http://www.rosroy.com.au/","-37.8391","144.99384"
"fe728270-1a88-e011-87e1-005056b30007","findacpa","Sutton Partners Pty Ltd","L 1  199 Toorak Rd, SOUTH YARRA VIC 3141, AUS","hm@suttonpartners.com.au","+61398242212","http://www.suttonpartners.com.au/","-37.83897","144.99388"
"9e17c45f-8a14-e911-9461-0003ff4984ca","findacpa","Shen & Co Tax and Accounting","Como Centre, L 19  644 Chapel St, SOUTH YARRA VIC 3141, AUS","info@shencotax.com.au","+61398236233","https://www.shencotax.com.au/","-37.83894","144.99598"