accountId,type,name,address,email,phone,website,lat,lng
"8250d8e0-3288-e011-87e1-005056b30007","findacpa","CT Accountants Australia","208 Victoria Rd, DRUMMOYNE NSW 2047, AUS","ctolis@ctaccountants.com.au","+61290081391","http://www.ctaccountants.com.au","-33.85054","151.15448"
"ab328a5b-aa3a-e311-bbb1-0050569a6ed2","findacpa","Elliott, Chee, Sun & Khoe Pty Ltd","PO Box 369, DRUMMOYNE NSW 1470, AUS","jacky@elliottchee.com","+61430552567","http://www.ecsk.com.au","-33.85255","151.15283"
"6d83fb0e-878b-e611-80e4-0050569a1c9a","findacpa","TINO CALTABIANO & CO","45 Clements St, RUSSELL LEA NSW 2046, AUS","tinocaltabianoco@outlook.com","+61417253601","http://www.tinocaltabiano.com","-33.86054","151.14621"
"459cfb01-8a16-ec11-811d-0050569a458f","findacpa","Nobilis NRI Taxation","299 Lyons Rd, RUSSELL LEA NSW 2046, AUS","sathyahegde@nritaxation.com.au","+61406799868","https://www.nritaxation.com.au/","-33.86052","151.14145"
"d8173818-2188-e011-87e1-005056b30007","findacpa","Gerard Michael Hughes","34 Ingham Ave, FIVE DOCK NSW 2046, AUS","gm.hughes@bigpond.com","+61297134404",,"-33.8704","151.13589"
"49c4367b-3088-e011-87e1-005056b30007","findacpa","Crown Accounting PTY LTD","U 1  481-483 Parramatta Rd, LEICHHARDT NSW 2040, AUS","service@atax.com.au","+61297995522","http://www.aussieaccountants.com","-33.88851","151.15464"
"36559d62-8a25-e711-80e9-0050569a1c9a","findacpa","Olivetree Consultants Pty Ltd","B101, 24 Point St, PYRMONT NSW 2009, AUS","sathyahegde@olivetreeconsultants.com.au","+61406799868","http://www.olivetreebusinessadvisory.com.au/","-33.86642","151.19415"
"c2a7959c-e5eb-e911-810b-0050569a1c9a","findacpa","H Accounting & Tax","U 7d  40 Cope St, LANE COVE NSW 2066, AUS","shuangyj@gmail.com","+61433432662",,"-33.81947","151.15265"
"f4f5bea9-1988-e011-87e1-005056b30007","findacpa","Peppernell Consulting","Level 1, 185 Great North Rd, FIVE DOCK NSW 2046, AUS","neale@peppernellconsulting.com.au","+61297136910","http://www.peppernellconsulting.com.au/","-33.86659","151.1298"
"dc580830-3488-e011-87e1-005056b30007","findacpa","Your Empire Business Services Pty Ltd","PO Box 270, PETERSHAM NSW 2049, AUS","emile@empirebiz.com.au","+611300760660","http://www.yourempirebiz.com.au","-33.89455","151.15503"
"21782e4f-c3d3-e611-80e8-0050569a458f","findacpa","Ben Collins Pty Ltd","18 Aston St, HUNTERS HILL NSW 2110, AUS","mail@bencollins.com.au","0426923669","https://www.bencollins.com.au/","-33.82723","151.1327"
"e2eff13c-69fc-ea11-8119-0050569a1c9a","findacpa","Jing Zhang t/a Snap Accounts Pty Ltd","U 164  310 Wattle St, ULTIMO NSW 2007, AUS","alexandrazz2607@gmail.com","+61499989517",,"-33.87867","151.19576"
"6279b636-a919-eb11-8110-0050569a458f","findacpa","SILONG LIN","Se 23  330 Wattle St, ULTIMO NSW 2007, AUS",,,,"-33.87928","151.19624"
"c5cd162e-556d-e111-a0c0-005056b3003f","findacpa","LLB Accountants Pty Ltd","Se 95  330 Wattle St, ULTIMO NSW 2007, AUS","info@linleobeak.com","+61299386253","http://linleobeak.com/","-33.87928","151.19624"
"1da3191e-3a88-e011-972f-005056b3003f","findacpa","Oracle Accounting & Wealth","Se 31  89-97 Jones St, ULTIMO NSW 2007, AUS","info@oracleaccounting.com.au","+61297152977","http://www.oracleaccounting.com.au","-33.8791","151.19668"
"fbd16351-3388-e011-87e1-005056b30007","findacpa","DFK Wealth Advisors","6 Bruce St, ASHFIELD NSW 2131, AUS","jamestaxsolutions@yahoo.com.au","+61297165310",,"-33.88747","151.13249"
"caa8c837-2988-e011-972f-005056b3003f","findacpa","Crouch Amirbeaggi","Se 403  55 Lime St, SYDNEY NSW 2000, AUS","admin@crouchamirbeaggi.com.au","+61282629333","http://www.crouchamirbeaggi.com","-33.86765","151.20155"
"55e8065e-05db-e711-80f5-0050569a1c9a","findacpa","PM Prime Accounting","Tower 3, Three International Towers, Level 24, 300 Barangaroo Ave, BARANGAROO NSW 2000, AUS","Peter@pmpaccounting.com.au","+61280678643","http://www.pmpaccounting.com.au/","-33.86513","151.2022"
"a9b22834-4ef1-e311-9518-0050569a6ed1","findacpa","ATS Taxation & Accountancy Solutions Pty Ltd","PO Box 667, NEWTOWN NSW 2042, AUS","sbfz_wxb@yahoo.com","+61295164717",,"-33.8986","151.17935"
"279c67c0-676b-e311-8aaf-0050569a6ed2","findacpa","DC Accounting & Advisory","Suite 404, 49-51 Queens Rd, FIVE DOCK NSW 2046, AUS","info@dcas.com.au","+61421067727","http://www.dcas.com.au","-33.87006","151.12259"
"c2da9a01-2188-e011-82c3-005056b3003f","findacpa","MBM Accountants Pty Ltd","Level 4, Unit 418, 49-51 Queens Rd, FIVE DOCK NSW 2046, AUS","Info@mbm-accountants.com.au","+61295681533","http://www.mbm-accountants.com.au","-33.87006","151.12259"
"6fc1238c-49ed-eb11-ba5e-0003ff6f6520","findacpa","Linkins Pty Ltd","1 Sussex St, BARANGAROO NSW 2000, AUS","hello@linkins.com.au","+61432096415","http://www.linkins.com.au","-33.86477","151.20314"
"07f4502a-735f-e711-80ed-0050569a1c9a","findacpa","Synergistic Business Partners","PO Box 338, ST LEONARDS NSW 1590, AUS","toby@sybp.com.au","280041959","http://www.sybp.com.au","-33.82282","151.19282"
"9308b5b5-2f88-e011-87e1-005056b30007","findacpa","Lewis & Co.","PO Box 573, GLADESVILLE NSW 1675, AUS","andrew@lewfin.com.au","+61298172266",,"-33.82812","151.1272"
"a02d9c8f-7391-e911-8107-0050569a1c9a","findacpa","Lincoln Partners","L 1  120 Sussex St, SYDNEY NSW 2000, AUS","matthew.duhigg@lincolnpartners.com.au","+61411529869","http://www.lincolnpartners.com.au","-33.8683","151.20381"
"c1a6f356-00e6-e811-8104-d2c538d7c1ed","findacpa","Portman Newton","L 14  309 Kent St, SYDNEY NSW 2000, AUS","portman@portmannewton.com","+61290904772","http://www.portmannewton.com","-33.86754","151.20397"
"95515c34-7d04-e811-80f9-0050569a458f","findacpa","Lin Li","U 1  2 Chandos St, ASHFIELD NSW 2131, AUS","linli612@gmail.com","+61402943206",,"-33.88656","151.12842"
"46319ec6-491f-eb11-811b-0050569a1c9a","findacpa","BDO Services Pty Ltd t/a BDO","L 11  1 Margaret St, SYDNEY NSW 2000, AUS","Elina.McKerrell@bdo.com.au","+61292409989","https://www.bdo.com.au/en-au/home","-33.8653","151.20471"
"975166a4-2c73-e711-80ef-0050569a458f","findacpa","HH Partners Pty Ltd","L 10  83 Clarence St, SYDNEY NSW 2000, AUS","carol.luu08@gmail.com","0424259820","http://www.hhpartnerscpa.com","-33.86604","151.20463"
"a6d68ba8-04c4-ef11-b8e8-00224818704c","findacpa","Trevanta Pty Ltd","5 Byron St, CROYDON NSW 2132, AUS","info@trevanta.com.au","0291271394","https://www.trevanta.com.au","-33.87364","151.12164"
"3234c560-36f9-e411-86b0-0050569a6ed1","findacpa","Financial Decisions Tax & Accounting Pty Ltd","L 10  28 Margaret St, SYDNEY NSW 2000, AUS","Chetan@provenancepartners.com.au","0435600630",,"-33.86486","151.20504"
"1ed1b405-7fc2-e611-8e31-0050569a25f2","findacpa","Shane David Accounting & Taxation Services","Se 7, G  123 Clarence St, SYDNEY NSW 2000, AUS","info@shanedavid.com.au","+61285999985","http://www.shanedavid.com.au","-33.86726","151.20475"
"2224bfb0-7983-e111-a0c0-005056b3003f","findacpa","Central Advisory Group","Suite 105, L 1  50 Clarence St, SYDNEY NSW 2000, AUS","services@centralaccounting.com.au","+61297915897","http://www.centralaccounting.com.au","-33.8659","151.20516"
"ef17a208-1a88-e011-87e1-005056b30007","findacpa","ZM Partners","L 5  350 Kent St, SYDNEY NSW 2000, AUS","maurizio@zmp.com.au","+61292622266","http://www.zmp.com.au/","-33.86999","151.20508"
"72c3b51d-64db-ea11-8117-0050569a1c9a","findacpa","Auston Taxation Pty Ltd","U 412  480 Pacific Hwy, ST LEONARDS NSW 2065, AUS","info@austonpartners.com.au","+61434999373","http://www.austonpartners.com.au","-33.82423","151.19733"