accountId,type,name,address,email,phone,website,lat,lng
"06c69088-1488-e011-87e1-005056b30007","findacpa","Morrow Wheatley & Associates Pty  Ltd","100 Douglas Pde, WILLIAMSTOWN VIC 3016, AUS","admin@mwapl.com","+61393971355","http://www.mwapl.com","-37.85569","144.89799"
"c086615a-628d-e311-8aaf-0050569a6ed2","findacpa","By the Numbers","26 Avoca St, YARRAVILLE VIC 3013, AUS","rgriffiths@btna.com.au","+61390871200","http://www.btna.com.au","-37.81444","144.89184"
"f6800c50-55be-e011-8bb9-005056b30007","findacpa","Assured Accounting Solutions Pty Ltd","U 26  46 Graingers Rd, WEST FOOTSCRAY VIC 3012, AUS","jared@assuredaccounting.com.au","+61393180015","http://www.assuredaccounting.com.au","-37.80484","144.87924"
"0cf0d64d-1488-e011-87e1-005056b30007","findacpa","Collins & Co.","127 Paisley St, FOOTSCRAY VIC 3011, AUS","partner@collinsco.com.au","+61396801000","http://www.collinsco.com.au","-37.80031","144.89343"
"db707bd2-1788-e011-87e1-005056b30007","findacpa","James W Mann & Associates","370 Blackshaws Rd, ALTONA NORTH VIC 3025, AUS","office@jwmann.com.au","+61393146011","http://www.jwmann.com.au/","-37.83087","144.84776"
"0b12433e-52f4-ed11-8133-0050569a458f","findacpa","Smart Lodge Tax & Accounting","L 1  115 Nicholson St, FOOTSCRAY VIC 3011, AUS","aman@smartlodge.com.au","+61478727642","http://www.smartlodge.com.au","-37.80099","144.89963"
"2b875a81-fb2c-ea11-8454-0003ffc30c8d","findacpa","Alpha Taxlink Pty Ltd","Level 1, U 105  29a Leeds St, FOOTSCRAY VIC 3011, AUS","tien@alphataxlink.com.au","+61396893508","http://www.alphataxlink.com.au","-37.80047","144.90141"
"6d2d8681-5da6-e211-bfee-0050569a6f1b","findacpa","Kennedy Tax And Business Services Pty Ltd","PO Box 2180, FOOTSCRAY VIC 3011, AUS","info@kennedytax.com.au","399396480","http://kennedytax.com.au/","-37.79815","144.89719"
"224e5c38-2d88-e011-87e1-005056b30007","findacpa","Inform Business Accounting","10 Mallard Dr, ALTONA NORTH VIC 3025, AUS","rob@informba.com","+61393993769","http://www.informba.com","-37.84516","144.84111"