accountId,type,name,address,email,phone,website,lat,lng
"01944ae2-c519-e711-9404-0003ff496f72","findacpa","JTR & Associates","U 1  14-16 Suakin St, PYMBLE NSW 2073, AUS","admin@jtrandassoc.com.au","+61291443180","http://www.jtrandassoc.com.au","-33.75107","151.1429"
"bbc15aa8-9ae5-e911-8108-0050569a458f","findacpa","Jianfeng Zhang","5 Kendall St, PYMBLE NSW 2073, AUS","garychangkf@hotmail.com",,,"-33.75858","151.13684"
"623e28a2-e983-e411-b387-0050569a6f1b","findacpa","CFO Professional Pty Ltd","39 Baldwin St, GORDON NSW 2072, AUS","stephen@cfopro.com.au","+61421510656","http://www.cfopro.com.au","-33.74348","151.15868"
"74c1b00d-1b88-e011-87e1-005056b30007","findacpa","Mark Arenson & Co Pty Ltd","U 5a  15-17 Stanley St, ST IVES NSW 2075, AUS","mark@markarensonco.com.au","+61291442266","http://www.markarensonaccounting.com","-33.72991","151.16263"
"d33d32fb-cc49-e911-8105-0050569a1c9a","findacpa","David Zhang Accontant","3 Satterley Ave, TURRAMURRA NSW 2074, AUS","david@dzhang.com.au","+61401869456","http://dzhang.com.au","-33.74694","151.11536"
"517ecf9d-5e2f-e811-bbd3-0003ff49c0c0","findacpa","Accounting Industries","12 Marshall Ave, WARRAWEE NSW 2074, AUS","admin@accountingindustries.com.au","01410069414","http://accountingindustries.com.au","-33.72874","151.11895"
"87d69478-3026-e611-80dc-0050569a458f","findacpa","Aolong Tax and Accouting Services","90 Highfield Rd, LINDFIELD NSW 2070, AUS","Joanneqli@yahoo.com.au","+61430352286","http://aolongtaxandaccounting.com.au","-33.77742","151.1533"
"6efd4192-1888-e011-87e1-005056b30007","findacpa","Tom Wyatt","6 Jacana Cl, WAHROONGA NSW 2076, AUS",,"+61294873271","http://","-33.70868","151.14068"
,"financialplanners","Broderick Knowles","Lvl 2, 2 Banfield Rd, MACQUARIE PARK, NSW, 2113","bknowles@bfg.net.au","061-02-82860000","www.bfg.net.au","-33.77926","151.12395"
"3d239e69-26ae-e311-b1b2-0050569a6f1c","findacpa","Excellent Accounting Service Pty Ltd","PO Box 249, LINDFIELD NSW 2070, AUS","carol@excellentaccounting.com.au","+61292328185","http://www.excellentaccounting.com.au","-33.78014","151.16191"
"d1249873-1e88-e011-82c3-005056b3003f","findacpa","Andrew Kwong & Co","28 Beaconsfield Pde, LINDFIELD NSW 2070, AUS","andrewkwong@bigpond.com","+61294164373",,"-33.77868","151.16543"
"9e1d5cab-ce87-ed11-a81c-002248990531","findacpa","Life Accounting Pty Ltd","7 Eden Park Dr, MACQUARIE PARK NSW 2113, AUS","life@lifeaccounting.com.au","1300 009 391","https://www.lifeaccounting.com.au","-33.78618","151.13135"
"16122770-c875-e411-b387-0050569a6f1b","findacpa","HD Accounting","U 10  173 Herring Rd, MACQUARIE PARK NSW 2113, AUS","hdaccount@email.com","0430856886",,"-33.77803","151.11807"
"717c9fab-443e-ea11-8108-0050569a458f","findacpa","First Class Accounts Turramurra","38 Campbell Dr, WAHROONGA NSW 2076, AUS","emeraldeminentfinancials@gmail.com","+61430711799","http://www.firstclassaccounts.com/turramurra","-33.73376","151.10672"
"34ecaef2-7278-ee11-8179-000d3ae17410","findacpa","MGM ACCOUNTING AND BUSINESS ADVISORY","U 1010  2 Saunders Cl, MACQUARIE PARK NSW 2113, AUS","nora.mai@mgmacctax.com.au","+61431071040",,"-33.77893","151.11587"
"ff1d44a2-f1da-e311-836f-0050569a6f1b","findacpa","Slocombe & Associates Pty Ltd","79 Woodbury Rd, ST IVES NSW 2075, AUS","martyn@slocombeassociates.com.au","+61432323613",,"-33.72257","151.17773"
"0664c5ad-49d8-ea11-810c-0050569a458f","findacpa","Taewon Jang & Co","U 1301  1 Mooltan Ave, MACQUARIE PARK NSW 2113, AUS","taewon.jang83@gmail.com","+61430450114",,"-33.78075","151.11387"
"616b188f-4104-ea11-8108-0050569a458f","findacpa","Great Solutions","13 Pine St, NORTH RYDE NSW 2113, AUS","sales@greatsolutions.com.au","+61298881399",,"-33.78967","151.12053"